title,ref
 君の名は。 (2016),/movie/%E5%90%9B%E3%81%AE%E5%90%8D%E3%81%AF%E3%80%82/355058/
 シン・ゴジラ (2016),/movie/%E3%82%B7%E3%83%B3%E3%83%BB%E3%82%B4%E3%82%B8%E3%83%A9/354182/
 スター・ウォーズ／フォースの覚醒 (2015),/movie/%E3%82%B9%E3%82%BF%E3%83%BC%E3%83%BB%E3%82%A6%E3%82%A9%E3%83%BC%E3%82%BA%EF%BC%8F%E3%83%95%E3%82%A9%E3%83%BC%E3%82%B9%E3%81%AE%E8%A6%9A%E9%86%92/351301/
[PG-12]  進撃の巨人 ATTACK ON TITAN (2015),/movie/%E9%80%B2%E6%92%83%E3%81%AE%E5%B7%A8%E4%BA%BA+ATTACK+ON+TITAN/348867/
[R-15]  マッドマックス　怒りのデス・ロード (2015),/movie/%E3%83%9E%E3%83%83%E3%83%89%E3%83%9E%E3%83%83%E3%82%AF%E3%82%B9%E3%80%80%E6%80%92%E3%82%8A%E3%81%AE%E3%83%87%E3%82%B9%E3%83%BB%E3%83%AD%E3%83%BC%E3%83%89/350752/
 ジュラシック・ワールド (2015),/movie/%E3%82%B8%E3%83%A5%E3%83%A9%E3%82%B7%E3%83%83%E3%82%AF%E3%83%BB%E3%83%AF%E3%83%BC%E3%83%AB%E3%83%89/351033/
 風立ちぬ (2013),/movie/%E9%A2%A8%E7%AB%8B%E3%81%A1%E3%81%AC/344584/
 バケモノの子 (2015),/movie/%E3%83%90%E3%82%B1%E3%83%A2%E3%83%8E%E3%81%AE%E5%AD%90/351372/
 ゲド戦記 (2006),/movie/%E3%82%B2%E3%83%89%E6%88%A6%E8%A8%98/324031/
 オデッセイ (2015),/movie/%E3%82%AA%E3%83%87%E3%83%83%E3%82%BB%E3%82%A4/353437/
[R-15]  キングスマン (2014),/movie/%E3%82%AD%E3%83%B3%E3%82%B0%E3%82%B9%E3%83%9E%E3%83%B3/353152/
 ズートピア (2016),/movie/%E3%82%BA%E3%83%BC%E3%83%88%E3%83%94%E3%82%A2/354239/
 ミッション：インポッシブル／ローグ・ネイション (2015),/movie/%E3%83%9F%E3%83%83%E3%82%B7%E3%83%A7%E3%83%B3%EF%BC%9A%E3%82%A4%E3%83%B3%E3%83%9D%E3%83%83%E3%82%B7%E3%83%96%E3%83%AB%EF%BC%8F%E3%83%AD%E3%83%BC%E3%82%B0%E3%83%BB%E3%83%8D%E3%82%A4%E3%82%B7%E3%83%A7%E3%83%B3/352384/
 マイ・インターン (2015),/movie/%E3%83%9E%E3%82%A4%E3%83%BB%E3%82%A4%E3%83%B3%E3%82%BF%E3%83%BC%E3%83%B3/353403/
 永遠の0 (2013),/movie/%E6%B0%B8%E9%81%A0%E3%81%AE0/346152/
 アバター (2009),/movie/%E3%82%A2%E3%83%90%E3%82%BF%E3%83%BC/334089/
 インターステラー (2014),/movie/%E3%82%A4%E3%83%B3%E3%82%BF%E3%83%BC%E3%82%B9%E3%83%86%E3%83%A9%E3%83%BC/349221/
 崖の上のポニョ (2008),/movie/%E5%B4%96%E3%81%AE%E4%B8%8A%E3%81%AE%E3%83%9D%E3%83%8B%E3%83%A7/327529/
 信長協奏曲（のぶながコンツェルト） (2016),/movie/%E4%BF%A1%E9%95%B7%E5%8D%94%E5%A5%8F%E6%9B%B2%EF%BC%88%E3%81%AE%E3%81%B6%E3%81%AA%E3%81%8C%E3%82%B3%E3%83%B3%E3%83%84%E3%82%A7%E3%83%AB%E3%83%88%EF%BC%89/353539/
 007 スペクター (2015),/movie/007+%E3%82%B9%E3%83%9A%E3%82%AF%E3%82%BF%E3%83%BC/352378/
 SPACE BATTLESHIP ヤマト (2010),/movie/SPACE+BATTLESHIP+%E3%83%A4%E3%83%9E%E3%83%88/335872/
 名探偵コナン　純黒の悪夢（ナイトメア） (2016),/movie/%E5%90%8D%E6%8E%A2%E5%81%B5%E3%82%B3%E3%83%8A%E3%83%B3%E3%80%80%E7%B4%94%E9%BB%92%E3%81%AE%E6%82%AA%E5%A4%A2%EF%BC%88%E3%83%8A%E3%82%A4%E3%83%88%E3%83%A1%E3%82%A2%EF%BC%89/354676/
 バクマン。 (2015),/movie/%E3%83%90%E3%82%AF%E3%83%9E%E3%83%B3%E3%80%82/349125/
 海街diary (2015),/movie/%E6%B5%B7%E8%A1%97diary/349516/
 ダークナイト (2008),/movie/%E3%83%80%E3%83%BC%E3%82%AF%E3%83%8A%E3%82%A4%E3%83%88/329605/
 インセプション (2010),/movie/%E3%82%A4%E3%83%B3%E3%82%BB%E3%83%97%E3%82%B7%E3%83%A7%E3%83%B3/334832/
 時をかける少女 (2006),/movie/%E6%99%82%E3%82%92%E3%81%8B%E3%81%91%E3%82%8B%E5%B0%91%E5%A5%B3/324826/
 セッション (2014),/movie/%E3%82%BB%E3%83%83%E3%82%B7%E3%83%A7%E3%83%B3/350927/
[R-15]  アイアムアヒーロー (2015),/movie/%E3%82%A2%E3%82%A4%E3%82%A2%E3%83%A0%E3%82%A2%E3%83%92%E3%83%BC%E3%83%AD%E3%83%BC/352951/
 ターミネーター：新起動／ジェニシス (2015),/movie/%E3%82%BF%E3%83%BC%E3%83%9F%E3%83%8D%E3%83%BC%E3%82%BF%E3%83%BC%EF%BC%9A%E6%96%B0%E8%B5%B7%E5%8B%95%EF%BC%8F%E3%82%B8%E3%82%A7%E3%83%8B%E3%82%B7%E3%82%B9/350949/
 図書館戦争　THE LAST MISSION (2015),/movie/%E5%9B%B3%E6%9B%B8%E9%A4%A8%E6%88%A6%E4%BA%89%E3%80%80THE+LAST+MISSION/352647/
 シビル・ウォー／キャプテン・アメリカ (2016),/movie/%E3%82%B7%E3%83%93%E3%83%AB%E3%83%BB%E3%82%A6%E3%82%A9%E3%83%BC%EF%BC%8F%E3%82%AD%E3%83%A3%E3%83%97%E3%83%86%E3%83%B3%E3%83%BB%E3%82%A2%E3%83%A1%E3%83%AA%E3%82%AB/355057/
[R-15]  告白 (2010),/movie/%E5%91%8A%E7%99%BD/335612/
 アナと雪の女王 (2013),/movie/%E3%82%A2%E3%83%8A%E3%81%A8%E9%9B%AA%E3%81%AE%E5%A5%B3%E7%8E%8B/346540/
 硫黄島からの手紙 (2006),/movie/%E7%A1%AB%E9%BB%84%E5%B3%B6%E3%81%8B%E3%82%89%E3%81%AE%E6%89%8B%E7%B4%99/324563/
 映画 ビリギャル (2015),/movie/%E6%98%A0%E7%94%BB+%E3%83%93%E3%83%AA%E3%82%AE%E3%83%A3%E3%83%AB/351029/
 ちはやふる -上の句- (2016),/movie/%E3%81%A1%E3%81%AF%E3%82%84%E3%81%B5%E3%82%8B+-%E4%B8%8A%E3%81%AE%E5%8F%A5-/354163/
 ゼロ・グラビティ (2013),/movie/%E3%82%BC%E3%83%AD%E3%83%BB%E3%82%B0%E3%83%A9%E3%83%93%E3%83%86%E3%82%A3/346608/
 ALWAYS　三丁目の夕日 (2005),/movie/ALWAYS%E3%80%80%E4%B8%89%E4%B8%81%E7%9B%AE%E3%81%AE%E5%A4%95%E6%97%A5/322281/
[PG-12]  進撃の巨人 ATTACK ON TITAN エンド オブ ザ ワールド (2015),/movie/%E9%80%B2%E6%92%83%E3%81%AE%E5%B7%A8%E4%BA%BA+ATTACK+ON+TITAN+%E3%82%A8%E3%83%B3%E3%83%89+%E3%82%AA%E3%83%96+%E3%82%B6+%E3%83%AF%E3%83%BC%E3%83%AB%E3%83%89/350818/
 サマーウォーズ (2009),/movie/%E3%82%B5%E3%83%9E%E3%83%BC%E3%82%A6%E3%82%A9%E3%83%BC%E3%82%BA/333497/
 ギャラクシー街道 (2015),/movie/%E3%82%AE%E3%83%A3%E3%83%A9%E3%82%AF%E3%82%B7%E3%83%BC%E8%A1%97%E9%81%93/352648/
 レ・ミゼラブル (2012),/movie/%E3%83%AC%E3%83%BB%E3%83%9F%E3%82%BC%E3%83%A9%E3%83%96%E3%83%AB/342984/
[R-15]  ゴーン・ガール (2014),/movie/%E3%82%B4%E3%83%BC%E3%83%B3%E3%83%BB%E3%82%AC%E3%83%BC%E3%83%AB/350277/
 借りぐらしのアリエッティ (2010),/movie/%E5%80%9F%E3%82%8A%E3%81%90%E3%82%89%E3%81%97%E3%81%AE%E3%82%A2%E3%83%AA%E3%82%A8%E3%83%83%E3%83%86%E3%82%A3/335800/
 バットマン vs スーパーマン　ジャスティスの誕生 (2016),/movie/%E3%83%90%E3%83%83%E3%83%88%E3%83%9E%E3%83%B3+vs+%E3%82%B9%E3%83%BC%E3%83%91%E3%83%BC%E3%83%9E%E3%83%B3%E3%80%80%E3%82%B8%E3%83%A3%E3%82%B9%E3%83%86%E3%82%A3%E3%82%B9%E3%81%AE%E8%AA%95%E7%94%9F/353277/
[R-15]  アメリカン・スナイパー (2014),/movie/%E3%82%A2%E3%83%A1%E3%83%AA%E3%82%AB%E3%83%B3%E3%83%BB%E3%82%B9%E3%83%8A%E3%82%A4%E3%83%91%E3%83%BC/350823/
 ガールズ＆パンツァー　劇場版 (2015),/movie/%E3%82%AC%E3%83%BC%E3%83%AB%E3%82%BA%EF%BC%86%E3%83%91%E3%83%B3%E3%83%84%E3%82%A1%E3%83%BC%E3%80%80%E5%8A%87%E5%A0%B4%E7%89%88/351822/
 イニシエーション・ラブ (2015),/movie/%E3%82%A4%E3%83%8B%E3%82%B7%E3%82%A8%E3%83%BC%E3%82%B7%E3%83%A7%E3%83%B3%E3%83%BB%E3%83%A9%E3%83%96/351031/
 アベンジャーズ／エイジ・オブ・ウルトロン (2015),/movie/%E3%82%A2%E3%83%99%E3%83%B3%E3%82%B8%E3%83%A3%E3%83%BC%E3%82%BA%EF%BC%8F%E3%82%A8%E3%82%A4%E3%82%B8%E3%83%BB%E3%82%AA%E3%83%96%E3%83%BB%E3%82%A6%E3%83%AB%E3%83%88%E3%83%AD%E3%83%B3/352157/
 シンデレラ (2015),/movie/%E3%82%B7%E3%83%B3%E3%83%87%E3%83%AC%E3%83%A9/350870/
 予告犯 (2015),/movie/%E4%BA%88%E5%91%8A%E7%8A%AF/351032/
 インデペンデンス・デイ：リサージェンス (2016),/movie/%E3%82%A4%E3%83%B3%E3%83%87%E3%83%9A%E3%83%B3%E3%83%87%E3%83%B3%E3%82%B9%E3%83%BB%E3%83%87%E3%82%A4%EF%BC%9A%E3%83%AA%E3%82%B5%E3%83%BC%E3%82%B8%E3%82%A7%E3%83%B3%E3%82%B9/355228/
 TOO YOUNG TO DIE！若くして死ぬ (2016),/movie/TOO+YOUNG+TO+DIE%EF%BC%81%E8%8B%A5%E3%81%8F%E3%81%97%E3%81%A6%E6%AD%BB%E3%81%AC/353813/
 orange－オレンジ－ (2015),/movie/orange%EF%BC%8D%E3%82%AA%E3%83%AC%E3%83%B3%E3%82%B8%EF%BC%8D/353452/
[R-15]  デッドプール (2016),/movie/%E3%83%87%E3%83%83%E3%83%89%E3%83%97%E3%83%BC%E3%83%AB/355574/
 マイケル・ジャクソン THIS IS IT (2009),/movie/%E3%83%9E%E3%82%A4%E3%82%B1%E3%83%AB%E3%83%BB%E3%82%B8%E3%83%A3%E3%82%AF%E3%82%BD%E3%83%B3+THIS+IS+IT/334766/
 フラガール (2006),/movie/%E3%83%95%E3%83%A9%E3%82%AC%E3%83%BC%E3%83%AB/324255/
 ショーシャンクの空に (1994),/movie/%E3%82%B7%E3%83%A7%E3%83%BC%E3%82%B7%E3%83%A3%E3%83%B3%E3%82%AF%E3%81%AE%E7%A9%BA%E3%81%AB/10909/
 容疑者Xの献身 (2008),/movie/%E5%AE%B9%E7%96%91%E8%80%85X%E3%81%AE%E7%8C%AE%E8%BA%AB/330418/
 ヒロイン失格 (2015),/movie/%E3%83%92%E3%83%AD%E3%82%A4%E3%83%B3%E5%A4%B1%E6%A0%BC/352156/
 おおかみこどもの雨と雪 (2012),/movie/%E3%81%8A%E3%81%8A%E3%81%8B%E3%81%BF%E3%81%93%E3%81%A9%E3%82%82%E3%81%AE%E9%9B%A8%E3%81%A8%E9%9B%AA/341770/
 天空の蜂 (2015),/movie/%E5%A4%A9%E7%A9%BA%E3%81%AE%E8%9C%82/351635/
 パイレーツ・オブ・カリビアン／ワールド・エンド (2007),/movie/%E3%83%91%E3%82%A4%E3%83%AC%E3%83%BC%E3%83%84%E3%83%BB%E3%82%AA%E3%83%96%E3%83%BB%E3%82%AB%E3%83%AA%E3%83%93%E3%82%A2%E3%83%B3%EF%BC%8F%E3%83%AF%E3%83%BC%E3%83%AB%E3%83%89%E3%83%BB%E3%82%A8%E3%83%B3%E3%83%89/326744/
 思い出のマーニー (2014),/movie/%E6%80%9D%E3%81%84%E5%87%BA%E3%81%AE%E3%83%9E%E3%83%BC%E3%83%8B%E3%83%BC/348091/
 恋空 (2007),/movie/%E6%81%8B%E7%A9%BA/328125/
 ヱヴァンゲリヲン新劇場版：Q (2012),/movie/%E3%83%B1%E3%83%B4%E3%82%A1%E3%83%B3%E3%82%B2%E3%83%AA%E3%83%B2%E3%83%B3%E6%96%B0%E5%8A%87%E5%A0%B4%E7%89%88%EF%BC%9AQ/343233/
[R-15]  レヴェナント：蘇えりし者 (2015),/movie/%E3%83%AC%E3%83%B4%E3%82%A7%E3%83%8A%E3%83%B3%E3%83%88%EF%BC%9A%E8%98%87%E3%81%88%E3%82%8A%E3%81%97%E8%80%85/354289/
 大日本人 (2007),/movie/%E5%A4%A7%E6%97%A5%E6%9C%AC%E4%BA%BA/327082/
[PG-12]  バベル (2006),/movie/%E3%83%90%E3%83%99%E3%83%AB/325136/
 植物図鑑　運命の恋、ひろいました (2015),/movie/%E6%A4%8D%E7%89%A9%E5%9B%B3%E9%91%91%E3%80%80%E9%81%8B%E5%91%BD%E3%81%AE%E6%81%8B%E3%80%81%E3%81%B2%E3%82%8D%E3%81%84%E3%81%BE%E3%81%97%E3%81%9F/353489/
 かぐや姫の物語 (2013),/movie/%E3%81%8B%E3%81%90%E3%82%84%E5%A7%AB%E3%81%AE%E7%89%A9%E8%AA%9E/344585/
 トランスフォーマー (2007),/movie/%E3%83%88%E3%83%A9%E3%83%B3%E3%82%B9%E3%83%95%E3%82%A9%E3%83%BC%E3%83%9E%E3%83%BC/326203/
 グラン・トリノ (2008),/movie/%E3%82%B0%E3%83%A9%E3%83%B3%E3%83%BB%E3%83%88%E3%83%AA%E3%83%8E/332286/
 GODZILLA　ゴジラ (2014),/movie/GODZILLA%E3%80%80%E3%82%B4%E3%82%B8%E3%83%A9/347810/
 ベイマックス (2014),/movie/%E3%83%99%E3%82%A4%E3%83%9E%E3%83%83%E3%82%AF%E3%82%B9/349726/
 BORUTO -NARUTO THE MOVIE- (2015),/movie/BORUTO+-NARUTO+THE+MOVIE-/352385/
 オール・ユー・ニード・イズ・キル (2014),/movie/%E3%82%AA%E3%83%BC%E3%83%AB%E3%83%BB%E3%83%A6%E3%83%BC%E3%83%BB%E3%83%8B%E3%83%BC%E3%83%89%E3%83%BB%E3%82%A4%E3%82%BA%E3%83%BB%E3%82%AD%E3%83%AB/348085/
 アントマン (2015),/movie/%E3%82%A2%E3%83%B3%E3%83%88%E3%83%9E%E3%83%B3/352769/
 アリス・イン・ワンダーランド (2010),/movie/%E3%82%A2%E3%83%AA%E3%82%B9%E3%83%BB%E3%82%A4%E3%83%B3%E3%83%BB%E3%83%AF%E3%83%B3%E3%83%80%E3%83%BC%E3%83%A9%E3%83%B3%E3%83%89/334516/
 コクリコ坂から (2011),/movie/%E3%82%B3%E3%82%AF%E3%83%AA%E3%82%B3%E5%9D%82%E3%81%8B%E3%82%89/338753/
 おくりびと (2008),/movie/%E3%81%8A%E3%81%8F%E3%82%8A%E3%81%B3%E3%81%A8/330042/
 トイ・ストーリー3 (2010),/movie/%E3%83%88%E3%82%A4%E3%83%BB%E3%82%B9%E3%83%88%E3%83%BC%E3%83%AA%E3%83%BC3/335655/
 踊る大捜査線　THE MOVIE 3　ヤツらを解放せよ！ (2010),/movie/%E8%B8%8A%E3%82%8B%E5%A4%A7%E6%8D%9C%E6%9F%BB%E7%B7%9A%E3%80%80THE+MOVIE+3%E3%80%80%E3%83%A4%E3%83%84%E3%82%89%E3%82%92%E8%A7%A3%E6%94%BE%E3%81%9B%E3%82%88%EF%BC%81/335874/
 るろうに剣心 (2012),/movie/%E3%82%8B%E3%82%8D%E3%81%86%E3%81%AB%E5%89%A3%E5%BF%83/341516/
 殿、利息でござる！ (2016),/movie/%E6%AE%BF%E3%80%81%E5%88%A9%E6%81%AF%E3%81%A7%E3%81%94%E3%81%96%E3%82%8B%EF%BC%81/353460/
[R-15]  ブラック・スワン (2010),/movie/%E3%83%96%E3%83%A9%E3%83%83%E3%82%AF%E3%83%BB%E3%82%B9%E3%83%AF%E3%83%B3/337733/
 パシフィック・リム (2013),/movie/%E3%83%91%E3%82%B7%E3%83%95%E3%82%A3%E3%83%83%E3%82%AF%E3%83%BB%E3%83%AA%E3%83%A0/344562/
 64-ロクヨン-前編 (2016),/movie/64-%E3%83%AD%E3%82%AF%E3%83%A8%E3%83%B3-%E5%89%8D%E7%B7%A8/354941/
 インサイド・ヘッド (2015),/movie/%E3%82%A4%E3%83%B3%E3%82%B5%E3%82%A4%E3%83%89%E3%83%BB%E3%83%98%E3%83%83%E3%83%89/351369/
 アイ・アム・レジェンド (2007),/movie/%E3%82%A2%E3%82%A4%E3%83%BB%E3%82%A2%E3%83%A0%E3%83%BB%E3%83%AC%E3%82%B8%E3%82%A7%E3%83%B3%E3%83%89/327925/
 るろうに剣心 伝説の最期編 (2014),/movie/%E3%82%8B%E3%82%8D%E3%81%86%E3%81%AB%E5%89%A3%E5%BF%83+%E4%BC%9D%E8%AA%AC%E3%81%AE%E6%9C%80%E6%9C%9F%E7%B7%A8/346394/
 心が叫びたがってるんだ。 (2015),/movie/%E5%BF%83%E3%81%8C%E5%8F%AB%E3%81%B3%E3%81%9F%E3%81%8C%E3%81%A3%E3%81%A6%E3%82%8B%E3%82%93%E3%81%A0%E3%80%82/351464/
 プラダを着た悪魔 (2006),/movie/%E3%83%97%E3%83%A9%E3%83%80%E3%82%92%E7%9D%80%E3%81%9F%E6%82%AA%E9%AD%94/325271/
[R-15]  ミスト (2007),/movie/%E3%83%9F%E3%82%B9%E3%83%88/329978/
 ダークナイト ライジング (2012),/movie/%E3%83%80%E3%83%BC%E3%82%AF%E3%83%8A%E3%82%A4%E3%83%88+%E3%83%A9%E3%82%A4%E3%82%B8%E3%83%B3%E3%82%B0/340611/
 さらば あぶない刑事 (2015),/movie/%E3%81%95%E3%82%89%E3%81%B0+%E3%81%82%E3%81%B6%E3%81%AA%E3%81%84%E5%88%91%E4%BA%8B/353627/
 僕だけがいない街 (2016),/movie/%E5%83%95%E3%81%A0%E3%81%91%E3%81%8C%E3%81%84%E3%81%AA%E3%81%84%E8%A1%97/354576/
[PG-12]  最強のふたり (2011),/movie/%E6%9C%80%E5%BC%B7%E3%81%AE%E3%81%B5%E3%81%9F%E3%82%8A/341701/
 ファインディング・ドリー (2016),/movie/%E3%83%95%E3%82%A1%E3%82%A4%E3%83%B3%E3%83%87%E3%82%A3%E3%83%B3%E3%82%B0%E3%83%BB%E3%83%89%E3%83%AA%E3%83%BC/355316/
 キサラギ (2007),/movie/%E3%82%AD%E3%82%B5%E3%83%A9%E3%82%AE/327204/
 HERO (2015),/movie/HERO/351899/
 図書館戦争 (2013),/movie/%E5%9B%B3%E6%9B%B8%E9%A4%A8%E6%88%A6%E4%BA%89/344358/
 るろうに剣心 京都大火編 (2014),/movie/%E3%82%8B%E3%82%8D%E3%81%86%E3%81%AB%E5%89%A3%E5%BF%83+%E4%BA%AC%E9%83%BD%E5%A4%A7%E7%81%AB%E7%B7%A8/346393/
 レッドクリフ Part I (2008),/movie/%E3%83%AC%E3%83%83%E3%83%89%E3%82%AF%E3%83%AA%E3%83%95+Part+I/329757/
 暗殺教室～卒業編～ (2016),/movie/%E6%9A%97%E6%AE%BA%E6%95%99%E5%AE%A4%EF%BD%9E%E5%8D%92%E6%A5%AD%E7%B7%A8%EF%BD%9E/354027/
[PG-12]  悪人 (2010),/movie/%E6%82%AA%E4%BA%BA/336818/
 ヱヴァンゲリヲン新劇場版：破 (2009),/movie/%E3%83%B1%E3%83%B4%E3%82%A1%E3%83%B3%E3%82%B2%E3%83%AA%E3%83%B2%E3%83%B3%E6%96%B0%E5%8A%87%E5%A0%B4%E7%89%88%EF%BC%9A%E7%A0%B4/333212/
[PG-12]  怒り (2016),/movie/%E6%80%92%E3%82%8A/356389/
 母と暮せば (2015),/movie/%E6%AF%8D%E3%81%A8%E6%9A%AE%E3%81%9B%E3%81%B0/352873/
 アベンジャーズ (2012),/movie/%E3%82%A2%E3%83%99%E3%83%B3%E3%82%B8%E3%83%A3%E3%83%BC%E3%82%BA/341611/
 世界から猫が消えたなら (2016),/movie/%E4%B8%96%E7%95%8C%E3%81%8B%E3%82%89%E7%8C%AB%E3%81%8C%E6%B6%88%E3%81%88%E3%81%9F%E3%81%AA%E3%82%89/354944/
 メイズ・ランナー (2014),/movie/%E3%83%A1%E3%82%A4%E3%82%BA%E3%83%BB%E3%83%A9%E3%83%B3%E3%83%8A%E3%83%BC/351660/
 ブリッジ・オブ・スパイ (2015),/movie/%E3%83%96%E3%83%AA%E3%83%83%E3%82%B8%E3%83%BB%E3%82%AA%E3%83%96%E3%83%BB%E3%82%B9%E3%83%91%E3%82%A4/353946/
 コードネーム U.N.C.L.E. (2015),/movie/%E3%82%B3%E3%83%BC%E3%83%89%E3%83%8D%E3%83%BC%E3%83%A0+U.N.C.L.E./352332/
 オオカミ少女と黒王子 (2016),/movie/%E3%82%AA%E3%82%AA%E3%82%AB%E3%83%9F%E5%B0%91%E5%A5%B3%E3%81%A8%E9%BB%92%E7%8E%8B%E5%AD%90/354031/
 桐島、部活やめるってよ (2012),/movie/%E6%A1%90%E5%B3%B6%E3%80%81%E9%83%A8%E6%B4%BB%E3%82%84%E3%82%81%E3%82%8B%E3%81%A3%E3%81%A6%E3%82%88/342041/
 インディ・ジョーンズ／クリスタル・スカルの王国 (2008),/movie/%E3%82%A4%E3%83%B3%E3%83%87%E3%82%A3%E3%83%BB%E3%82%B8%E3%83%A7%E3%83%BC%E3%83%B3%E3%82%BA%EF%BC%8F%E3%82%AF%E3%83%AA%E3%82%B9%E3%82%BF%E3%83%AB%E3%83%BB%E3%82%B9%E3%82%AB%E3%83%AB%E3%81%AE%E7%8E%8B%E5%9B%BD/329623/
 パイレーツ・オブ・カリビアン／デッドマンズ・チェスト (2006),/movie/%E3%83%91%E3%82%A4%E3%83%AC%E3%83%BC%E3%83%84%E3%83%BB%E3%82%AA%E3%83%96%E3%83%BB%E3%82%AB%E3%83%AA%E3%83%93%E3%82%A2%E3%83%B3%EF%BC%8F%E3%83%87%E3%83%83%E3%83%89%E3%83%9E%E3%83%B3%E3%82%BA%E3%83%BB%E3%83%81%E3%82%A7%E3%82%B9%E3%83%88/323917/
[PG-12]  第9地区 (2009),/movie/%E7%AC%AC9%E5%9C%B0%E5%8C%BA/335765/
 ワイルド・スピード　SKY　MISSION (2015),/movie/%E3%83%AF%E3%82%A4%E3%83%AB%E3%83%89%E3%83%BB%E3%82%B9%E3%83%94%E3%83%BC%E3%83%89%E3%80%80SKY%E3%80%80MISSION/350698/
 ベンジャミン・バトン　数奇な人生 (2008),/movie/%E3%83%99%E3%83%B3%E3%82%B8%E3%83%A3%E3%83%9F%E3%83%B3%E3%83%BB%E3%83%90%E3%83%88%E3%83%B3%E3%80%80%E6%95%B0%E5%A5%87%E3%81%AA%E4%BA%BA%E7%94%9F/330912/
[PG-12]  グラスホッパー (2015),/movie/%E3%82%B0%E3%83%A9%E3%82%B9%E3%83%9B%E3%83%83%E3%83%91%E3%83%BC/351200/
 ダ・ヴィンチ・コード (2006),/movie/%E3%83%80%E3%83%BB%E3%83%B4%E3%82%A3%E3%83%B3%E3%83%81%E3%83%BB%E3%82%B3%E3%83%BC%E3%83%89/322729/
 四月は君の嘘 (2016),/movie/%E5%9B%9B%E6%9C%88%E3%81%AF%E5%90%9B%E3%81%AE%E5%98%98/355934/
[PG-12]  クローバーフィールド／HAKAISHA (2008),/movie/%E3%82%AF%E3%83%AD%E3%83%BC%E3%83%90%E3%83%BC%E3%83%95%E3%82%A3%E3%83%BC%E3%83%AB%E3%83%89%EF%BC%8FHAKAISHA/329614/
 ザ・マジックアワー (2008),/movie/%E3%82%B6%E3%83%BB%E3%83%9E%E3%82%B8%E3%83%83%E3%82%AF%E3%82%A2%E3%83%AF%E3%83%BC/328680/
 アバウト・タイム　～愛おしい時間について～ (2013),/movie/%E3%82%A2%E3%83%90%E3%82%A6%E3%83%88%E3%83%BB%E3%82%BF%E3%82%A4%E3%83%A0%E3%80%80%EF%BD%9E%E6%84%9B%E3%81%8A%E3%81%97%E3%81%84%E6%99%82%E9%96%93%E3%81%AB%E3%81%A4%E3%81%84%E3%81%A6%EF%BD%9E/349124/
 ちはやふる -下の句- (2016),/movie/%E3%81%A1%E3%81%AF%E3%82%84%E3%81%B5%E3%82%8B+-%E4%B8%8B%E3%81%AE%E5%8F%A5-/354164/
 ゴールデンスランバー (2009),/movie/%E3%82%B4%E3%83%BC%E3%83%AB%E3%83%87%E3%83%B3%E3%82%B9%E3%83%A9%E3%83%B3%E3%83%90%E3%83%BC/334768/
 スパイダーマン3 (2007),/movie/%E3%82%B9%E3%83%91%E3%82%A4%E3%83%80%E3%83%BC%E3%83%9E%E3%83%B33/325627/
 ミッション：インポッシブル／ゴースト・プロトコル (2011),/movie/%E3%83%9F%E3%83%83%E3%82%B7%E3%83%A7%E3%83%B3%EF%BC%9A%E3%82%A4%E3%83%B3%E3%83%9D%E3%83%83%E3%82%B7%E3%83%96%E3%83%AB%EF%BC%8F%E3%82%B4%E3%83%BC%E3%82%B9%E3%83%88%E3%83%BB%E3%83%97%E3%83%AD%E3%83%88%E3%82%B3%E3%83%AB/340335/
[PG-12]  バック・トゥ・ザ・フューチャー (1985),/movie/%E3%83%90%E3%83%83%E3%82%AF%E3%83%BB%E3%83%88%E3%82%A5%E3%83%BB%E3%82%B6%E3%83%BB%E3%83%95%E3%83%A5%E3%83%BC%E3%83%81%E3%83%A3%E3%83%BC/18114/
 日本沈没 (2006),/movie/%E6%97%A5%E6%9C%AC%E6%B2%88%E6%B2%A1/322931/
[PG-12]  スラムドッグ＄ミリオネア (2008),/movie/%E3%82%B9%E3%83%A9%E3%83%A0%E3%83%89%E3%83%83%E3%82%B0%EF%BC%84%E3%83%9F%E3%83%AA%E3%82%AA%E3%83%8D%E3%82%A2/332328/
 007 スカイフォール (2012),/movie/007+%E3%82%B9%E3%82%AB%E3%82%A4%E3%83%95%E3%82%A9%E3%83%BC%E3%83%AB/342363/
 白ゆき姫殺人事件 (2014),/movie/%E7%99%BD%E3%82%86%E3%81%8D%E5%A7%AB%E6%AE%BA%E4%BA%BA%E4%BA%8B%E4%BB%B6/347420/
 イミテーション・ゲーム／エニグマと天才数学者の秘密 (2014),/movie/%E3%82%A4%E3%83%9F%E3%83%86%E3%83%BC%E3%82%B7%E3%83%A7%E3%83%B3%E3%83%BB%E3%82%B2%E3%83%BC%E3%83%A0%EF%BC%8F%E3%82%A8%E3%83%8B%E3%82%B0%E3%83%9E%E3%81%A8%E5%A4%A9%E6%89%8D%E6%95%B0%E5%AD%A6%E8%80%85%E3%81%AE%E7%A7%98%E5%AF%86/350926/
 ターミネーター4 (2009),/movie/%E3%82%BF%E3%83%BC%E3%83%9F%E3%83%8D%E3%83%BC%E3%82%BF%E3%83%BC4/331380/
 映画 暗殺教室 (2015),/movie/%E6%98%A0%E7%94%BB+%E6%9A%97%E6%AE%BA%E6%95%99%E5%AE%A4/350110/
 クローズド・ノート (2007),/movie/%E3%82%AF%E3%83%AD%E3%83%BC%E3%82%BA%E3%83%89%E3%83%BB%E3%83%8E%E3%83%BC%E3%83%88/327912/
[R-15]  ヒメアノ～ル (2015),/movie/%E3%83%92%E3%83%A1%E3%82%A2%E3%83%8E%EF%BD%9E%E3%83%AB/354629/
 ターミネーター2 (1991),/movie/%E3%82%BF%E3%83%BC%E3%83%9F%E3%83%8D%E3%83%BC%E3%82%BF%E3%83%BC2/13523/
 ONE PIECE FILM GOLD (2016),/movie/ONE+PIECE+FILM+GOLD/353896/
[PG-12]  バタフライ・エフェクト (2004),/movie/%E3%83%90%E3%82%BF%E3%83%95%E3%83%A9%E3%82%A4%E3%83%BB%E3%82%A8%E3%83%95%E3%82%A7%E3%82%AF%E3%83%88/321766/
 八日目の蝉 (2011),/movie/%E5%85%AB%E6%97%A5%E7%9B%AE%E3%81%AE%E8%9D%89/338475/
 駆込み女と駆出し男 (2015),/movie/%E9%A7%86%E8%BE%BC%E3%81%BF%E5%A5%B3%E3%81%A8%E9%A7%86%E5%87%BA%E3%81%97%E7%94%B7/350112/
 クリード　チャンプを継ぐ男 (2015),/movie/%E3%82%AF%E3%83%AA%E3%83%BC%E3%83%89%E3%80%80%E3%83%81%E3%83%A3%E3%83%B3%E3%83%97%E3%82%92%E7%B6%99%E3%81%90%E7%94%B7/354167/
[PG-12]  シャッター アイランド (2009),/movie/%E3%82%B7%E3%83%A3%E3%83%83%E3%82%BF%E3%83%BC+%E3%82%A2%E3%82%A4%E3%83%A9%E3%83%B3%E3%83%89/334301/
 俺物語！！ (2015),/movie/%E4%BF%BA%E7%89%A9%E8%AA%9E%EF%BC%81%EF%BC%81/353113/
[PG-12]  GANTZ (2010),/movie/GANTZ/337257/
 ミニオンズ (2015),/movie/%E3%83%9F%E3%83%8B%E3%82%AA%E3%83%B3%E3%82%BA/351145/
[R-15]  テッド2 (2015),/movie/%E3%83%86%E3%83%83%E3%83%892/352092/
 ピクセル (2015),/movie/%E3%83%94%E3%82%AF%E3%82%BB%E3%83%AB/352585/
 テラフォーマーズ (2016),/movie/%E3%83%86%E3%83%A9%E3%83%95%E3%82%A9%E3%83%BC%E3%83%9E%E3%83%BC%E3%82%BA/352899/
 ルパン三世 (2014),/movie/%E3%83%AB%E3%83%91%E3%83%B3%E4%B8%89%E4%B8%96/347931/
 ダイ・ハード4.0 (2007),/movie/%E3%83%80%E3%82%A4%E3%83%BB%E3%83%8F%E3%83%BC%E3%83%894.0/327066/
[R-15]  キック・アス (2010),/movie/%E3%82%AD%E3%83%83%E3%82%AF%E3%83%BB%E3%82%A2%E3%82%B9/337482/
 トゥモローランド (2015),/movie/%E3%83%88%E3%82%A5%E3%83%A2%E3%83%AD%E3%83%BC%E3%83%A9%E3%83%B3%E3%83%89/350977/
 アイアンマン (2008),/movie/%E3%82%A2%E3%82%A4%E3%82%A2%E3%83%B3%E3%83%9E%E3%83%B3/330416/
